{
  "accuracy": 0.0,
  "correct": 0,
  "partial_count": 162,
  "top_partial": [
    [
      "135a2760",
      98.92984542211653
    ],
    [
      "135a2760",
      98.92984542211653
    ],
    [
      "e376de54",
      98.828125
    ],
    [
      "e376de54",
      98.828125
    ],
    [
      "88e364bc",
      98.75
    ]
  ]
}